{"cameraMode":{"drawMode":0,"name":"Shaded","section":"Shading Mode"},"sceneLighting":true,"audioPlay":false,"sceneViewState":{"m_AlwaysRefresh":false,"showFog":true,"showSkybox":true,"showFlares":true,"showImageEffects":true,"showParticleSystems":true,"showVisualEffectGraphs":true,"m_FxEnabled":true},"in2DMode":false,"pivot":{"x":59.586177825927737,"y":-4.097765922546387,"z":58.68259811401367},"rotation":{"x":0.23353438079357148,"y":0.41313114762306216,"z":-0.11051122099161148,"w":0.8733238577842712},"size":11.300739288330079,"orthographic":false}