{"cameraMode":{"drawMode":0,"name":"Shaded","section":"Shading Mode"},"sceneLighting":true,"audioPlay":false,"sceneViewState":{"m_AlwaysRefresh":false,"showFog":true,"showSkybox":true,"showFlares":true,"showImageEffects":true,"showParticleSystems":true,"showVisualEffectGraphs":true,"m_FxEnabled":true},"in2DMode":false,"pivot":{"x":4.802850246429443,"y":2.3094751834869386,"z":3.2502355575561525},"rotation":{"x":-0.17271645367145539,"y":0.08941289782524109,"z":-0.015752876177430154,"w":-0.9808124899864197},"size":0.8660253882408142,"orthographic":false}