{"cameraMode":{"drawMode":0,"name":"Shaded","section":"Shading Mode"},"sceneLighting":true,"audioPlay":false,"sceneViewState":{"m_AlwaysRefresh":false,"showFog":true,"showSkybox":true,"showFlares":true,"showImageEffects":true,"showParticleSystems":true,"showVisualEffectGraphs":true,"m_FxEnabled":true},"in2DMode":false,"pivot":{"x":465.4194030761719,"y":17.281574249267579,"z":486.72564697265627},"rotation":{"x":-0.02868758700788021,"y":-0.9612727761268616,"z":-0.2696114480495453,"w":0.06215100362896919},"size":3.2660253047943117,"orthographic":false}