{"cameraMode":{"drawMode":0,"name":"Shaded","section":"Shading Mode"},"sceneLighting":true,"audioPlay":false,"sceneViewState":{"m_AlwaysRefresh":false,"showFog":true,"showSkybox":true,"showFlares":true,"showImageEffects":true,"showParticleSystems":true,"showVisualEffectGraphs":true,"m_FxEnabled":true},"in2DMode":false,"pivot":{"x":462.7601013183594,"y":2.3975038528442385,"z":509.23370361328127},"rotation":{"x":-0.17016534507274629,"y":-0.22248007357120515,"z":0.027802277356386186,"w":-0.9602962136268616},"size":3.7539384365081789,"orthographic":false}