{"cameraMode":{"drawMode":0,"name":"Shaded","section":"Shading Mode"},"sceneLighting":false,"audioPlay":false,"sceneViewState":{"m_AlwaysRefresh":false,"showFog":true,"showSkybox":false,"showFlares":true,"showImageEffects":true,"showParticleSystems":true,"showVisualEffectGraphs":true,"m_FxEnabled":true},"in2DMode":false,"pivot":{"x":-5.960464477539063e-8,"y":0.8804537057876587,"z":-0.058952003717422488},"rotation":{"x":-0.002106791827827692,"y":0.994449257850647,"z":-0.10360545665025711,"w":-0.020275048911571504},"size":1.3539466857910157,"orthographic":false}