{"cameraMode":{"drawMode":0,"name":"Shaded","section":"Shading Mode"},"sceneLighting":false,"audioPlay":false,"sceneViewState":{"m_AlwaysRefresh":false,"showFog":true,"showSkybox":false,"showFlares":true,"showImageEffects":true,"showParticleSystems":true,"showVisualEffectGraphs":true,"m_FxEnabled":true},"in2DMode":false,"pivot":{"x":-2.941727876663208,"y":1.685909628868103,"z":16.746498107910158},"rotation":{"x":0.007501700893044472,"y":0.9779212474822998,"z":-0.03551912307739258,"w":0.20599935948848725},"size":3.821998357772827,"orthographic":false}